Date,SE1,SE2,SE3,SE4
2019-01-01,22.58,22.58,22.58,22.58
2019-01-02,42.65,42.65,42.65,42.65
2019-01-03,51.9,51.9,57.05,57.11
2019-01-04,50.85,50.85,51.0,51.07
2019-01-05,50.72,50.72,50.72,51.1
2019-01-06,51.02,51.02,51.16,51.98
2019-01-07,51.19,51.19,51.95,56.21
2019-01-08,49.5,49.5,49.5,49.5
2019-01-09,50.07,50.07,50.07,50.07
2019-01-10,50.1,50.1,59.51,64.64
2019-01-11,48.43,48.43,49.49,49.49
2019-01-12,48.24,48.24,48.24,48.24
2019-01-13,47.95,47.95,47.95,47.95
2019-01-14,43.9,43.9,43.9,43.9
2019-01-15,50.22,50.22,50.34,50.34
2019-01-16,52.15,52.15,52.15,52.15
2019-01-17,51.96,51.96,52.25,52.25
2019-01-18,54.21,54.21,61.17,61.76
2019-01-19,55.04,55.04,55.04,55.27
2019-01-20,55.05,55.05,55.05,55.05
2019-01-21,68.84,68.84,68.84,68.84
2019-01-22,62.93,62.93,62.93,62.93
2019-01-23,68.1,68.1,68.1,69.52
2019-01-24,77.84,77.84,79.12,79.45
2019-01-25,65.26,65.26,65.26,66.54
2019-01-26,54.07,54.07,54.07,54.07
2019-01-27,52.17,52.17,52.17,52.17
2019-01-28,56.04,56.04,56.2,56.29
2019-01-29,60.66,60.66,61.56,61.56
2019-01-30,57.96,57.96,57.99,57.99
2019-01-31,56.92,56.92,57.35,59.52
2019-02-01,54.1,54.1,54.1,55.11
2019-02-02,51.05,51.05,51.05,51.05
2019-02-03,50.18,50.18,50.18,50.18
2019-02-04,53.63,53.63,53.85,53.85
2019-02-05,52.38,52.38,52.38,52.38
2019-02-06,52.0,52.0,53.52,53.52
2019-02-07,49.72,49.72,49.72,49.76
2019-02-08,48.67,48.67,48.67,48.67
2019-02-09,47.05,47.05,47.05,47.05
2019-02-10,45.51,45.51,45.51,45.51
2019-02-11,46.97,46.97,46.97,46.97
2019-02-12,46.51,46.51,48.03,48.73
2019-02-13,45.27,45.27,45.61,45.81
2019-02-14,43.8,43.8,44.76,47.37
2019-02-15,43.49,43.49,43.67,46.0
2019-02-16,39.84,39.84,39.84,39.84
2019-02-17,41.45,41.45,41.45,41.49
2019-02-18,43.7,43.7,43.72,45.49
2019-02-19,41.58,41.58,41.58,41.65
2019-02-20,42.41,42.41,42.51,42.51
2019-02-21,43.76,43.76,44.29,44.64
2019-02-22,42.51,42.51,45.25,46.94
2019-02-23,39.59,39.59,39.59,39.59
2019-02-24,38.26,38.26,38.26,38.26
2019-02-25,40.35,40.35,41.03,41.57
2019-02-26,41.22,41.22,41.46,43.88
2019-02-27,40.3,40.3,41.03,41.74
2019-02-28,40.0,40.0,40.16,40.84
2019-03-01,43.61,43.61,45.17,46.32
2019-03-02,41.1,41.1,41.1,41.1
2019-03-03,40.13,40.13,40.13,40.13
2019-03-04,41.85,41.85,41.85,41.85
2019-03-05,43.76,43.76,43.76,43.76
2019-03-06,44.75,44.75,44.75,44.75
2019-03-07,43.14,43.14,43.14,43.14
2019-03-08,38.74,38.74,38.74,38.74
2019-03-09,38.15,38.15,38.15,38.15
2019-03-10,39.09,39.09,39.09,39.09
2019-03-11,45.21,45.21,45.21,45.21
2019-03-12,45.0,45.0,45.0,45.0
2019-03-13,41.29,41.29,41.29,41.29
2019-03-14,41.43,41.43,41.43,41.43
2019-03-15,42.74,42.74,42.74,42.74
2019-03-16,40.74,40.74,40.74,40.74
2019-03-17,34.69,34.69,34.69,34.69
2019-03-18,40.14,40.14,40.14,40.14
2019-03-19,45.53,45.53,45.53,45.53
2019-03-20,41.15,41.15,41.27,41.27
2019-03-21,38.94,38.94,38.94,38.94
2019-03-22,39.8,39.8,39.82,39.86
2019-03-23,33.25,33.25,33.25,33.25
2019-03-24,33.44,33.44,33.44,33.44
2019-03-25,37.96,37.96,37.96,38.06
2019-03-26,39.47,39.47,39.47,39.49
2019-03-27,39.48,39.48,39.48,39.82
2019-03-28,35.55,35.55,35.55,38.15
2019-03-29,28.11,28.11,28.11,28.43
2019-03-30,31.98,31.98,31.98,31.98
2019-03-31,28.85,28.85,28.85,28.85
2019-04-01,37.82,37.82,38.04,39.0
2019-04-02,35.07,35.07,35.07,35.1
2019-04-03,39.47,39.47,39.47,39.47
2019-04-04,39.08,39.08,39.08,39.08
2019-04-05,39.5,39.5,39.5,39.5
2019-04-06,38.5,38.5,38.5,38.5
2019-04-07,39.42,39.42,39.42,39.42
2019-04-08,41.1,41.1,41.1,41.1
2019-04-09,41.63,41.63,41.63,41.9
2019-04-10,43.59,43.59,43.59,43.77
2019-04-11,47.79,47.79,47.79,47.79
2019-04-12,46.63,46.63,46.63,46.65
2019-04-13,43.93,43.93,43.93,43.93
2019-04-14,41.87,41.87,41.87,41.87
2019-04-15,45.53,45.53,45.53,45.81
2019-04-16,45.03,45.03,45.03,45.16
2019-04-17,43.88,43.88,43.88,43.88
2019-04-18,43.56,43.56,43.56,43.56
2019-04-19,41.6,41.6,41.6,41.6
2019-04-20,41.68,41.68,41.68,41.68
2019-04-21,38.24,38.24,38.24,38.24
2019-04-22,35.62,35.62,35.62,35.62
2019-04-23,35.52,35.52,35.52,35.52
2019-04-24,31.24,31.24,31.24,31.24
2019-04-25,39.24,39.24,39.24,40.71
2019-04-26,41.08,41.08,41.08,42.86
2019-04-27,32.85,32.85,32.85,32.85
2019-04-28,25.25,25.25,25.25,25.25
2019-04-29,37.83,37.83,37.83,39.54
2019-04-30,37.06,37.06,37.06,37.06
2019-05-01,17.51,17.51,17.51,17.51
2019-05-02,24.71,24.71,24.71,24.71
2019-05-03,37.68,37.68,37.68,37.68
2019-05-04,39.9,39.9,39.9,39.9
2019-05-05,38.23,38.23,38.23,38.23
2019-05-06,42.45,42.45,42.45,42.45
2019-05-07,43.46,43.46,43.46,43.46
2019-05-08,40.64,40.64,40.64,40.64
2019-05-09,40.01,40.01,40.01,40.01
2019-05-10,36.94,36.94,36.94,38.02
2019-05-11,37.91,37.91,37.91,37.91
2019-05-12,11.99,11.99,11.99,11.99
2019-05-13,37.3,37.3,37.3,39.37
2019-05-14,41.89,41.89,41.89,46.15
2019-05-15,42.52,42.52,42.52,45.73
2019-05-16,38.82,38.82,38.82,39.35
2019-05-17,37.45,37.45,37.45,39.43
2019-05-18,33.54,33.54,33.54,33.54
2019-05-19,37.02,37.02,37.02,37.03
2019-05-20,41.79,41.79,41.79,46.32
2019-05-21,40.1,40.1,40.1,43.3
2019-05-22,38.64,38.64,38.64,40.41
2019-05-23,38.56,38.56,38.56,41.01
2019-05-24,38.41,38.41,38.41,39.45
2019-05-25,35.42,35.42,35.42,35.42
2019-05-26,29.28,29.28,29.28,29.28
2019-05-27,33.7,33.7,33.7,34.11
2019-05-28,35.87,35.87,35.87,39.68
2019-05-29,31.62,31.62,31.62,36.66
2019-05-30,9.43,9.43,9.43,9.43
2019-05-31,26.48,26.48,26.48,28.86
2019-06-01,21.99,21.99,21.99,21.99
2019-06-02,21.19,21.19,21.19,21.21
2019-06-03,31.87,31.87,31.87,36.6
2019-06-04,27.48,27.48,27.48,32.2
2019-06-05,28.63,28.63,28.63,33.79
2019-06-06,9.04,9.04,9.04,9.04
2019-06-07,23.98,23.98,23.98,31.06
2019-06-08,9.18,9.18,9.18,9.18
2019-06-09,9.78,9.78,9.78,14.8
2019-06-10,21.1,21.1,21.1,23.66
2019-06-11,23.98,23.98,23.98,32.5
2019-06-12,24.56,24.56,24.56,28.86
2019-06-13,27.26,27.26,27.26,33.87
2019-06-14,30.78,30.78,30.78,34.84
2019-06-15,24.36,24.36,24.36,24.36
2019-06-16,24.0,24.0,24.0,24.0
2019-06-17,27.56,27.56,27.56,27.56
2019-06-18,27.54,27.54,27.54,29.47
2019-06-19,28.68,28.68,28.68,36.26
2019-06-20,28.67,28.67,28.67,31.63
2019-06-21,26.29,26.29,26.29,28.65
2019-06-22,20.47,20.47,20.47,22.57
2019-06-23,22.53,22.53,22.53,23.04
2019-06-24,31.06,31.06,31.06,33.91
2019-06-25,31.44,31.44,31.44,38.32
2019-06-26,29.86,29.86,29.86,33.44
2019-06-27,28.38,28.38,28.38,32.71
2019-06-28,30.05,30.05,30.05,38.94
2019-06-29,23.77,23.77,23.77,24.33
2019-06-30,18.52,18.52,18.52,18.52
2019-07-01,26.54,26.54,26.54,26.54
2019-07-02,27.25,27.25,27.25,27.25
2019-07-03,29.1,29.1,29.1,29.1
2019-07-04,28.73,28.73,28.73,28.73
2019-07-05,29.04,29.04,29.04,29.04
2019-07-06,28.48,28.48,28.48,28.48
2019-07-07,27.63,27.63,27.63,27.63
2019-07-08,29.31,29.31,31.05,33.34
2019-07-09,31.0,31.0,32.91,35.83
2019-07-10,33.14,33.14,33.14,33.99
2019-07-11,35.11,35.11,35.11,40.21
2019-07-12,36.69,36.69,36.69,37.15
2019-07-13,36.57,36.57,36.57,36.61
2019-07-14,36.15,36.15,36.15,36.15
2019-07-15,37.92,37.92,37.92,39.51
2019-07-16,37.5,37.5,37.5,39.36
2019-07-17,38.73,38.73,38.73,44.43
2019-07-18,38.58,38.58,38.58,42.98
2019-07-19,38.12,38.12,38.12,41.95
2019-07-20,36.19,36.19,36.19,36.19
2019-07-21,35.1,35.12,35.12,35.12
2019-07-22,37.19,37.21,37.21,37.21
2019-07-23,37.74,37.74,37.74,42.47
2019-07-24,38.91,38.91,38.91,49.74
2019-07-25,39.54,39.54,39.54,49.22
2019-07-26,38.99,38.99,38.99,42.56
2019-07-27,36.97,36.97,36.97,36.97
2019-07-28,35.4,35.4,35.4,35.4
2019-07-29,39.42,39.42,39.42,45.15
2019-07-30,40.06,40.06,40.06,42.68
2019-07-31,41.53,41.53,42.44,46.41
2019-08-01,40.63,40.63,41.23,43.83
2019-08-02,40.96,40.96,41.75,42.57
2019-08-03,39.17,39.17,39.17,39.17
2019-08-04,39.39,39.39,39.39,39.39
2019-08-05,44.31,44.31,44.31,44.31
2019-08-06,40.57,40.57,40.57,40.57
2019-08-07,41.02,41.02,41.02,41.02
2019-08-08,38.92,38.92,38.92,38.92
2019-08-09,39.44,39.44,39.44,39.44
2019-08-10,34.12,34.12,34.12,34.12
2019-08-11,28.54,28.54,28.54,28.54
2019-08-12,36.46,36.46,36.46,38.78
2019-08-13,37.02,37.02,37.02,39.11
2019-08-14,35.09,35.09,35.09,39.02
2019-08-15,33.95,33.95,33.95,34.1
2019-08-16,34.72,34.72,34.72,36.21
2019-08-17,29.71,29.71,29.71,29.71
2019-08-18,33.35,33.35,33.35,33.35
2019-08-19,34.18,34.18,34.18,35.25
2019-08-20,35.44,35.44,35.44,38.02
2019-08-21,36.02,36.02,36.02,41.34
2019-08-22,35.79,35.79,35.79,37.43
2019-08-23,34.88,34.88,34.88,37.68
2019-08-24,34.64,34.64,34.64,34.79
2019-08-25,33.24,33.24,33.24,33.24
2019-08-26,38.1,38.1,38.1,44.82
2019-08-27,40.2,40.2,40.2,45.42
2019-08-28,43.43,43.43,43.43,48.86
2019-08-29,38.17,38.17,40.39,43.1
2019-08-30,37.14,37.14,37.68,40.74
2019-08-31,34.58,34.58,34.58,35.05
2019-09-01,32.28,32.28,32.28,32.28
2019-09-02,36.62,36.62,37.53,39.62
2019-09-03,38.23,38.23,39.07,39.49
2019-09-04,38.28,38.28,42.25,42.43
2019-09-05,34.26,34.26,34.26,34.32
2019-09-06,33.67,33.67,33.69,33.69
2019-09-07,34.67,34.67,34.67,35.89
2019-09-08,35.29,35.29,35.29,36.83
2019-09-09,37.3,37.3,39.26,45.37
2019-09-10,35.12,35.12,35.12,37.46
2019-09-11,33.69,33.69,33.69,33.87
2019-09-12,32.28,32.28,32.28,34.47
2019-09-13,32.13,32.13,32.13,33.41
2019-09-14,30.75,30.75,30.75,30.75
2019-09-15,23.55,23.55,23.55,23.55
2019-09-16,29.84,29.84,29.84,34.61
2019-09-17,35.38,35.38,35.38,36.16
2019-09-18,36.6,36.6,36.6,38.6
2019-09-19,36.37,36.37,38.69,42.63
2019-09-20,35.79,35.79,38.65,42.11
2019-09-21,33.08,33.08,33.08,34.91
2019-09-22,32.9,32.9,32.9,33.17
2019-09-23,34.96,34.96,37.27,42.02
2019-09-24,37.85,37.85,42.48,47.16
2019-09-25,36.9,36.9,36.9,41.48
2019-09-26,35.83,35.83,35.83,36.76
2019-09-27,33.75,33.75,33.75,38.16
2019-09-28,31.23,31.23,31.23,31.23
2019-09-29,30.99,30.99,30.99,30.99
2019-09-30,32.65,32.65,32.65,33.26
2019-10-01,33.88,33.88,33.88,42.81
2019-10-02,34.66,34.66,34.95,40.64
2019-10-03,35.65,35.65,35.65,42.56
2019-10-04,36.82,36.82,36.82,46.95
2019-10-05,35.97,35.97,35.97,38.29
2019-10-06,35.52,35.52,35.52,36.49
2019-10-07,38.7,38.7,45.55,57.37
2019-10-08,37.23,37.23,37.59,50.13
2019-10-09,36.68,36.68,38.12,50.76
2019-10-10,35.47,35.47,35.66,44.33
2019-10-11,32.97,32.97,32.97,33.32
2019-10-12,34.03,34.03,34.03,34.63
2019-10-13,35.15,35.15,35.15,35.15
2019-10-14,36.96,36.96,43.82,43.82
2019-10-15,43.06,43.06,45.33,45.76
2019-10-16,38.49,38.49,46.76,46.76
2019-10-17,37.46,37.46,46.43,46.59
2019-10-18,37.19,37.19,40.54,40.54
2019-10-19,34.6,34.6,34.69,35.44
2019-10-20,34.55,34.55,34.55,35.84
2019-10-21,41.56,41.56,43.15,46.0
2019-10-22,33.0,33.0,33.0,46.68
2019-10-23,34.72,34.72,34.72,43.29
2019-10-24,36.96,36.96,36.96,39.32
2019-10-25,33.81,33.81,33.85,33.85
2019-10-26,29.04,29.04,29.04,29.04
2019-10-27,35.58,35.58,35.58,35.89
2019-10-28,39.47,39.47,39.94,44.42
2019-10-29,39.66,39.66,39.76,48.08
2019-10-30,39.6,39.6,40.02,48.01
2019-10-31,38.75,38.75,39.19,42.44
2019-11-01,37.43,37.43,37.43,37.43
2019-11-02,35.06,35.06,35.06,35.06
2019-11-03,36.13,36.13,36.21,36.23
2019-11-04,40.17,40.17,40.48,42.03
2019-11-05,42.61,42.61,45.33,45.6
2019-11-06,52.65,52.65,52.92,53.01
2019-11-07,46.48,46.48,46.48,46.48
2019-11-08,46.8,46.8,46.8,48.8
2019-11-09,41.69,41.69,41.69,41.81
2019-11-10,41.71,41.71,41.71,41.95
2019-11-11,43.65,43.65,43.65,43.68
2019-11-12,41.08,41.08,41.79,42.24
2019-11-13,41.31,41.31,47.6,47.6
2019-11-14,42.8,42.8,46.57,46.57
2019-11-15,40.88,40.88,40.88,40.88
2019-11-16,39.27,39.27,39.27,39.27
2019-11-17,38.35,38.35,38.35,38.35
2019-11-18,41.49,41.49,41.49,42.31
2019-11-19,40.4,40.4,40.4,41.33
2019-11-20,43.35,43.35,44.09,47.71
2019-11-21,41.46,41.46,41.46,44.18
2019-11-22,39.63,39.63,39.63,41.4
2019-11-23,37.15,37.15,37.15,37.15
2019-11-24,37.87,37.87,37.87,37.87
2019-11-25,42.4,42.4,42.4,42.4
2019-11-26,44.79,44.79,44.79,44.8
2019-11-27,41.52,41.52,41.52,41.52
2019-11-28,40.4,40.4,40.4,40.4
2019-11-29,39.9,39.9,40.15,40.88
2019-11-30,38.58,38.58,40.34,40.34
2019-12-01,38.81,38.81,40.18,40.18
2019-12-02,40.72,40.72,44.11,45.96
2019-12-03,39.95,39.95,47.87,50.4
2019-12-04,37.81,37.81,40.4,44.99
2019-12-05,35.69,35.69,37.52,38.53
2019-12-06,34.23,34.23,34.37,34.37
2019-12-07,33.53,33.53,33.57,33.57
2019-12-08,30.86,30.86,30.86,30.86
2019-12-09,31.45,31.45,31.45,31.45
2019-12-10,39.39,39.39,41.54,41.96
2019-12-11,32.79,32.79,33.3,37.22
2019-12-12,37.06,37.06,43.05,44.19
2019-12-13,36.21,36.21,36.6,37.64
2019-12-14,33.9,33.9,33.9,33.9
2019-12-15,32.79,32.79,32.79,32.79
2019-12-16,38.9,38.9,39.03,40.91
2019-12-17,38.09,38.09,38.43,38.71
2019-12-18,37.81,37.81,38.02,40.27
2019-12-19,36.99,36.99,36.99,37.16
2019-12-20,35.98,35.98,35.98,35.98
2019-12-21,34.49,34.49,34.49,34.49
2019-12-22,35.63,35.63,35.63,35.63
2019-12-23,35.79,35.79,35.79,35.83
2019-12-24,35.65,35.65,35.65,35.67
2019-12-25,35.03,35.03,35.03,35.03
2019-12-26,36.0,36.0,36.0,36.1
2019-12-27,38.47,38.47,38.47,38.47
2019-12-28,33.91,33.91,33.91,33.95
2019-12-29,28.53,28.53,28.53,28.53
2019-12-30,25.26,25.26,25.26,25.26
2019-12-31,27.65,27.65,27.7,27.75
2020-01-01,27.74,27.74,27.74,27.74
2020-01-02,26.77,26.77,26.77,26.77
2020-01-03,22.64,22.64,22.64,22.64
2020-01-04,21.17,21.17,21.17,21.17
2020-01-05,29.65,29.65,29.65,29.65
2020-01-06,29.61,29.61,29.61,29.78
2020-01-07,28.79,28.79,29.14,33.41
2020-01-08,22.25,22.25,22.48,23.81
2020-01-09,25.73,25.73,28.0,32.16
2020-01-10,26.33,26.33,31.71,31.71
2020-01-11,24.91,24.91,24.91,24.91
2020-01-12,22.86,22.86,22.86,22.86
2020-01-13,25.2,25.2,28.63,35.23
2020-01-14,22.77,22.77,22.87,22.87
2020-01-15,22.49,22.49,22.62,22.62
2020-01-16,24.25,24.25,24.32,26.73
2020-01-17,24.44,24.44,24.45,25.76
2020-01-18,23.24,23.24,23.24,23.24
2020-01-19,22.85,22.85,22.85,30.73
2020-01-20,22.54,22.54,22.71,36.87
2020-01-21,20.75,20.75,20.84,23.64
2020-01-22,20.14,20.14,20.77,37.09
2020-01-23,20.37,20.37,20.76,36.35
2020-01-24,19.38,19.38,19.76,19.76
2020-01-25,20.34,20.34,20.34,22.31
2020-01-26,19.94,19.94,19.94,19.94
2020-01-27,21.01,21.01,21.13,21.13
2020-01-28,21.99,21.99,22.77,26.02
2020-01-29,21.02,21.02,21.02,21.02
2020-01-30,21.32,21.32,21.39,21.39
2020-01-31,18.72,18.72,18.72,18.72
2020-02-01,14.07,14.07,14.07,14.07
2020-02-02,15.08,15.08,15.08,15.08
2020-02-03,19.31,19.31,25.71,25.81
2020-02-04,20.02,20.02,26.0,26.0
2020-02-05,17.08,17.08,19.57,19.57
2020-02-06,17.2,17.2,20.35,20.35
2020-02-07,15.8,15.8,24.19,26.64
2020-02-08,13.67,13.67,13.67,13.67
2020-02-09,7.99,7.99,7.99,7.99
2020-02-10,9.29,9.29,9.29,9.29
2020-02-11,11.81,11.81,11.81,11.81
2020-02-12,13.17,13.17,13.17,13.17
2020-02-13,15.04,15.04,27.82,27.82
2020-02-14,15.99,15.99,29.83,31.61
2020-02-15,11.57,11.57,11.57,11.57
2020-02-16,8.97,8.97,8.97,8.97
2020-02-17,9.79,9.79,9.85,9.85
2020-02-18,10.76,10.76,13.92,13.92
2020-02-19,14.14,14.14,28.31,28.31
2020-02-20,10.76,10.76,17.49,17.49
2020-02-21,9.16,9.16,10.03,10.03
2020-02-22,6.86,6.86,6.86,6.86
2020-02-23,8.14,8.14,8.14,8.14
2020-02-24,11.0,11.0,28.21,28.21
2020-02-25,14.19,14.19,16.22,16.22
2020-02-26,18.69,18.69,28.74,28.77
2020-02-27,44.09,44.09,44.09,44.09
2020-02-28,21.72,21.72,30.41,31.03
2020-02-29,11.95,11.95,11.95,11.95
2020-03-01,10.52,10.52,10.52,10.52
2020-03-02,15.43,15.43,25.6,29.41
2020-03-03,14.89,14.89,20.6,32.85
2020-03-04,13.64,13.64,31.15,32.81
2020-03-05,14.35,14.35,30.87,33.14
2020-03-06,15.36,15.36,22.89,23.61
2020-03-07,13.47,13.47,14.63,23.15
2020-03-08,9.44,9.44,9.44,9.44
2020-03-09,10.31,10.31,10.99,29.92
2020-03-10,10.89,10.89,11.1,11.79
2020-03-11,9.37,9.37,9.37,9.37
2020-03-12,8.6,8.6,8.6,8.6
2020-03-13,8.45,8.45,9.32,9.32
2020-03-14,9.3,9.3,13.72,17.66
2020-03-15,6.85,6.85,6.85,6.85
2020-03-16,8.91,8.91,23.62,23.93
2020-03-17,7.46,7.46,16.61,17.13
2020-03-18,7.7,7.7,10.88,10.88
2020-03-19,7.0,7.0,16.52,17.57
2020-03-20,8.46,8.46,15.78,20.67
2020-03-21,7.64,7.64,9.32,10.65
2020-03-22,6.53,6.53,7.62,8.87
2020-03-23,7.5,7.5,11.87,12.78
2020-03-24,6.6,6.6,6.9,8.12
2020-03-25,6.1,6.1,6.78,6.78
2020-03-26,6.35,6.35,12.47,13.69
2020-03-27,6.03,6.03,12.46,12.46
2020-03-28,5.21,5.21,5.26,5.26
2020-03-29,4.97,4.97,5.5,5.5
2020-03-30,6.62,6.62,20.04,20.04
2020-03-31,5.11,5.11,11.53,11.82
2020-04-01,5.12,5.12,6.99,6.99
2020-04-02,4.58,4.58,4.58,4.58
2020-04-03,4.04,4.04,4.06,4.06
2020-04-04,4.38,4.38,8.75,8.75
2020-04-05,4.52,4.52,4.52,4.52
2020-04-06,4.54,4.54,6.74,6.74
2020-04-07,4.18,4.18,10.0,10.0
2020-04-08,3.58,3.58,7.8,21.0
2020-04-09,3.78,3.78,8.74,14.64
2020-04-10,4.09,4.09,10.97,17.64
2020-04-11,4.9,4.9,9.6,13.32
2020-04-12,3.69,3.69,3.85,3.85
2020-04-13,2.31,2.31,2.44,2.44
2020-04-14,4.04,4.04,10.05,15.3
2020-04-15,4.05,4.05,4.62,4.62
2020-04-16,3.55,3.55,5.45,10.61
2020-04-17,3.53,3.53,11.87,27.54
2020-04-18,4.34,4.34,9.82,20.07
2020-04-19,4.8,4.8,4.82,12.21
2020-04-20,4.62,4.62,9.27,10.02
2020-04-21,4.94,4.94,10.34,10.39
2020-04-22,5.63,5.63,10.51,12.34
2020-04-23,5.52,5.52,13.64,26.09
2020-04-24,4.95,4.95,8.32,19.28
2020-04-25,4.85,4.85,4.85,15.63
2020-04-26,5.47,5.47,7.8,18.35
2020-04-27,7.76,7.76,17.53,24.95
2020-04-28,9.16,9.16,21.17,25.94
2020-04-29,12.6,12.6,20.25,22.51
2020-04-30,10.26,10.26,10.61,17.96
2020-05-01,6.21,6.21,7.27,9.19
2020-05-02,8.65,8.65,8.65,11.99
2020-05-03,8.01,8.01,9.91,10.52
2020-05-04,7.97,7.97,18.95,19.42
2020-05-05,7.35,7.35,16.77,16.77
2020-05-06,6.71,6.71,10.64,10.64
2020-05-07,7.32,7.32,13.53,13.53
2020-05-08,8.19,8.19,9.6,9.6
2020-05-09,8.04,8.04,8.11,8.11
2020-05-10,7.5,7.5,7.5,7.5
2020-05-11,7.87,7.87,13.39,13.39
2020-05-12,10.65,10.65,13.35,13.35
2020-05-13,13.79,13.79,27.29,27.29
2020-05-14,13.46,13.46,18.86,18.86
2020-05-15,12.49,12.49,13.4,13.4
2020-05-16,9.39,9.39,9.39,9.39
2020-05-17,10.04,10.04,10.04,10.04
2020-05-18,13.8,13.8,16.77,16.77
2020-05-19,15.15,15.15,19.13,19.13
2020-05-20,25.92,25.92,26.08,29.39
2020-05-21,13.64,13.64,13.64,13.64
2020-05-22,9.9,9.9,10.17,10.17
2020-05-23,3.98,3.98,3.98,3.98
2020-05-24,4.52,4.52,4.52,4.52
2020-05-25,16.64,16.64,16.89,16.89
2020-05-26,14.21,14.21,20.29,32.5
2020-05-27,8.15,8.15,10.87,22.43
2020-05-28,4.35,4.35,13.7,20.08
2020-05-29,4.35,4.35,15.29,15.52
2020-05-30,3.99,3.99,4.62,4.62
2020-05-31,2.29,2.29,2.29,2.29
2020-06-01,6.19,6.19,8.89,9.68
2020-06-02,12.78,12.78,28.02,28.02
2020-06-03,12.02,12.02,35.9,35.93
2020-06-04,13.92,13.92,25.84,26.4
2020-06-05,10.29,10.29,21.62,21.62
2020-06-06,3.84,3.84,4.13,4.13
2020-06-07,3.6,3.6,7.35,10.9
2020-06-08,12.25,12.25,26.33,26.33
2020-06-09,13.1,13.1,32.03,32.03
2020-06-10,13.79,13.79,21.42,21.42
2020-06-11,4.56,4.56,4.56,4.56
2020-06-12,2.55,2.55,2.55,2.55
2020-06-13,1.64,1.64,1.64,1.64
2020-06-14,3.35,3.35,3.35,3.35
2020-06-15,8.99,8.99,22.75,22.75
2020-06-16,12.55,12.55,23.62,23.62
2020-06-17,16.53,16.53,34.0,38.51
2020-06-18,12.6,12.6,33.4,34.17
2020-06-19,7.8,7.8,7.8,7.8
2020-06-20,8.61,8.61,8.61,8.61
2020-06-21,9.42,9.42,12.31,12.31
2020-06-22,12.7,12.7,36.76,36.76
2020-06-23,16.15,16.15,46.09,46.09
2020-06-24,16.49,16.49,43.48,43.48
2020-06-25,12.04,12.04,80.1,80.1
2020-06-26,8.27,8.27,47.82,47.82
2020-06-27,7.14,7.14,32.49,32.49
2020-06-28,8.63,8.63,25.51,25.76
2020-06-29,13.62,13.62,22.65,25.31
2020-06-30,10.56,10.56,10.87,12.22
2020-07-01,10.31,10.31,12.74,25.2
2020-07-02,13.03,13.03,13.05,37.13
2020-07-03,7.69,7.69,7.69,34.31
2020-07-04,2.92,2.92,2.92,2.92
2020-07-05,1.13,1.13,1.13,1.13
2020-07-06,1.61,1.61,1.61,1.61
2020-07-07,9.4,9.4,9.4,15.7
2020-07-08,15.37,15.37,15.37,32.87
2020-07-09,14.89,14.89,15.3,37.91
2020-07-10,15.05,15.05,15.05,27.51
2020-07-11,9.99,9.99,9.99,9.99
2020-07-12,10.79,10.79,10.79,14.78
2020-07-13,14.58,14.58,14.58,29.35
2020-07-14,15.54,15.54,15.54,35.48
2020-07-15,15.61,15.61,15.61,37.09
2020-07-16,16.04,16.04,16.04,39.33
2020-07-17,14.39,14.39,14.39,36.65
2020-07-18,11.72,11.72,11.72,27.43
2020-07-19,8.83,8.83,8.83,23.89
2020-07-20,9.83,9.83,9.83,30.88
2020-07-21,7.9,7.9,7.9,21.96
2020-07-22,4.99,4.99,4.99,24.92
2020-07-23,3.28,3.28,3.28,30.85
2020-07-24,5.68,5.68,5.68,20.77
2020-07-25,4.81,4.81,4.81,22.63
2020-07-26,2.9,2.9,2.9,11.41
2020-07-27,4.06,4.06,6.13,26.49
2020-07-28,3.79,3.79,3.79,13.69
2020-07-29,2.19,2.19,2.19,2.19
2020-07-30,1.64,1.64,1.64,3.57
2020-07-31,3.42,3.42,11.65,29.17
2020-08-01,3.04,3.04,11.18,27.41
2020-08-02,3.34,3.34,9.63,25.35
2020-08-03,3.12,3.12,27.03,36.09
2020-08-04,5.01,5.01,30.65,36.06
2020-08-05,4.95,4.95,18.22,28.91
2020-08-06,5.53,5.53,27.61,32.89
2020-08-07,5.68,5.68,29.39,35.84
2020-08-08,5.72,5.72,19.22,31.82
2020-08-09,5.67,5.67,19.27,28.48
2020-08-10,7.21,7.21,35.19,39.93
2020-08-11,8.69,8.69,39.19,39.9
2020-08-12,12.84,12.84,36.62,45.35
2020-08-13,14.78,14.78,31.64,46.93
2020-08-14,14.3,14.3,30.65,43.56
2020-08-15,13.94,13.94,19.49,33.18
2020-08-16,13.21,13.21,22.61,29.02
2020-08-17,15.94,15.94,47.47,52.32
2020-08-18,62.57,62.57,68.71,73.67
2020-08-19,33.65,33.65,53.93,58.62
2020-08-20,34.03,34.03,50.06,52.17
2020-08-21,18.6,18.6,36.97,49.26
2020-08-22,15.27,15.27,15.27,24.39
2020-08-23,17.23,17.23,20.52,22.29
2020-08-24,22.6,22.6,46.45,48.54
2020-08-25,23.23,23.4,54.64,55.62
2020-08-26,25.51,25.51,41.3,41.3
2020-08-27,26.79,26.79,47.44,48.45
2020-08-28,28.52,28.52,43.48,43.82
2020-08-29,27.61,27.61,28.56,34.24
2020-08-30,28.7,28.7,29.94,33.62
2020-08-31,35.32,35.32,51.13,53.73
2020-09-01,47.96,47.96,51.38,52.1
2020-09-02,35.29,35.29,47.62,49.89
2020-09-03,38.07,38.07,43.12,44.18
2020-09-04,35.29,35.29,35.29,38.29
2020-09-05,28.72,28.72,28.72,31.54
2020-09-06,29.97,29.97,29.97,32.54
2020-09-07,35.41,35.41,37.57,42.28
2020-09-08,26.18,26.18,26.18,29.8
2020-09-09,28.8,28.8,29.57,32.41
2020-09-10,23.2,23.2,39.65,41.22
2020-09-11,32.31,32.31,39.88,47.55
2020-09-12,26.94,26.94,26.94,28.19
2020-09-13,22.28,22.28,22.3,22.39
2020-09-14,27.56,27.56,42.9,47.38
2020-09-15,64.79,64.79,66.28,66.94
2020-09-16,34.14,34.14,46.24,46.24
2020-09-17,36.04,36.04,40.8,40.8
2020-09-18,27.64,27.64,34.31,35.7
2020-09-19,25.47,25.47,25.47,32.21
2020-09-20,23.55,23.55,23.55,26.66
2020-09-21,17.01,17.01,22.45,26.93
2020-09-22,24.73,24.73,27.51,32.33
2020-09-23,26.11,26.11,27.28,28.12
2020-09-24,15.71,15.71,15.71,15.71
2020-09-25,18.26,18.26,21.39,21.89
2020-09-26,5.55,5.55,5.55,5.55
2020-09-27,9.84,9.84,9.84,9.84
2020-09-28,41.05,41.05,41.05,42.33
2020-09-29,52.69,52.69,52.69,53.38
2020-09-30,42.89,42.89,43.44,45.09
2020-10-01,30.54,30.54,30.54,31.74
2020-10-02,16.79,16.79,16.79,16.79
2020-10-03,7.8,7.8,7.8,7.8
2020-10-04,7.8,7.8,7.8,9.83
2020-10-05,23.67,23.67,24.16,28.84
2020-10-06,24.34,24.34,25.01,30.25
2020-10-07,20.71,20.71,21.44,31.74
2020-10-08,23.09,23.09,23.09,25.45
2020-10-09,19.52,19.52,19.52,30.77
2020-10-10,22.84,22.84,22.84,24.05
2020-10-11,24.83,24.83,24.83,28.44
2020-10-12,40.4,40.4,41.84,45.45
2020-10-13,46.43,46.43,46.43,47.84
2020-10-14,21.52,21.52,21.52,21.52
2020-10-15,30.55,30.55,32.97,34.43
2020-10-16,31.1,31.1,31.76,42.34
2020-10-17,19.4,19.4,19.4,30.71
2020-10-18,16.97,16.97,17.97,20.59
2020-10-19,21.72,21.72,37.76,38.88
2020-10-20,29.13,29.13,29.75,30.36
2020-10-21,23.68,23.68,26.37,29.63
2020-10-22,15.17,15.17,15.17,15.17
2020-10-23,16.02,16.02,32.93,35.03
2020-10-24,17.57,17.57,17.57,17.57
2020-10-25,9.5,9.5,10.28,13.63
2020-10-26,17.47,17.47,20.37,27.66
2020-10-27,13.18,13.18,13.18,17.15
2020-10-28,9.87,9.87,9.87,15.98
2020-10-29,11.18,11.18,11.18,30.08
2020-10-30,16.34,16.34,16.34,25.13
2020-10-31,9.8,9.8,9.8,10.12
2020-11-01,5.55,5.55,5.55,5.55
2020-11-02,3.78,3.78,3.78,5.02
2020-11-03,6.24,6.24,9.93,18.35
2020-11-04,3.92,3.92,6.65,6.65
2020-11-05,2.11,2.11,2.76,3.05
2020-11-06,2.22,2.22,22.5,30.93
2020-11-07,3.27,3.27,4.24,32.63
2020-11-08,5.7,5.7,23.73,30.43
2020-11-09,7.02,7.02,46.91,48.69
2020-11-10,10.97,10.97,61.57,61.57
2020-11-11,8.95,8.95,46.9,49.25
2020-11-12,5.75,5.75,46.6,46.65
2020-11-13,4.45,4.45,35.71,50.52
2020-11-14,3.83,3.83,9.37,43.78
2020-11-15,2.65,2.65,3.86,24.01
2020-11-16,2.59,2.59,13.25,34.24
2020-11-17,3.34,3.34,7.75,36.0
2020-11-18,3.3,3.3,6.9,30.83
2020-11-19,2.5,2.5,14.99,17.12
2020-11-20,3.27,3.27,50.8,56.2
2020-11-21,2.59,2.59,2.59,19.23
2020-11-22,1.64,1.64,1.64,5.67
2020-11-23,3.6,3.6,9.49,28.11
2020-11-24,5.94,5.94,6.26,26.19
2020-11-25,5.5,5.5,6.83,36.16
2020-11-26,6.78,6.78,42.27,48.5
2020-11-27,12.69,12.69,59.45,65.35
2020-11-28,25.08,25.08,43.74,46.72
2020-11-29,20.07,20.07,32.71,46.01
2020-11-30,18.68,18.68,80.54,84.7
2020-12-01,14.95,14.95,66.01,69.67
2020-12-02,10.87,10.87,58.29,72.65
2020-12-03,9.93,9.93,33.15,34.37
2020-12-04,17.91,17.91,30.03,31.23
2020-12-05,19.68,19.68,19.68,27.97
2020-12-06,18.79,18.79,18.79,21.19
2020-12-07,17.13,17.13,17.13,17.13
2020-12-08,18.33,18.33,43.34,51.39
2020-12-09,17.0,17.0,53.5,57.62
2020-12-10,18.94,18.94,62.78,65.85
2020-12-11,19.17,19.17,44.53,49.21
2020-12-12,22.54,22.54,38.08,38.09
2020-12-13,28.85,28.85,46.11,47.08
2020-12-14,24.82,24.82,69.07,70.18
2020-12-15,28.03,28.03,43.18,44.27
2020-12-16,28.33,28.33,34.81,45.85
2020-12-17,19.98,19.98,29.64,35.84
2020-12-18,21.08,21.08,21.08,32.47
2020-12-19,16.45,16.45,17.35,17.35
2020-12-20,13.72,13.72,15.34,18.93
2020-12-21,14.29,14.29,17.7,27.55
2020-12-22,13.16,13.16,15.53,19.99
2020-12-23,14.92,14.92,18.44,38.14
2020-12-24,13.34,13.34,16.02,16.56
2020-12-25,17.68,17.68,18.54,28.38
2020-12-26,18.15,18.15,18.15,18.5
2020-12-27,7.15,7.15,7.15,7.0
2020-12-28,12.84,12.84,16.99,30.81
2020-12-29,17.14,17.14,21.31,39.47
2020-12-30,20.53,20.53,23.05,40.98
2020-12-31,25.08,25.08,25.08,41.29
2021-01-01,26.17,26.17,26.17,36.24
2021-01-02,31.58,31.58,31.58,43.17
2021-01-03,25.78,25.78,25.78,27.31
2021-01-04,42.17,42.17,42.17,43.88
2021-01-05,47.29,47.29,47.29,47.29
2021-01-06,41.06,41.06,41.06,41.06
2021-01-07,67.63,67.63,67.63,67.63
2021-01-08,76.72,76.72,76.72,76.72
2021-01-09,52.03,52.03,55.38,56.34
2021-01-10,42.02,42.02,42.02,42.94
2021-01-11,41.15,41.15,41.56,42.11
2021-01-12,31.85,31.85,43.82,45.3
2021-01-13,40.69,40.69,42.1,42.1
2021-01-14,70.69,70.69,71.95,72.1
2021-01-15,43.01,43.01,73.66,73.75
2021-01-16,41.81,41.81,54.71,54.92
2021-01-17,44.72,44.72,52.85,53.04
2021-01-18,50.64,50.64,54.93,55.18
2021-01-19,44.34,44.34,45.33,45.33
2021-01-20,34.21,34.21,35.04,35.94
2021-01-21,26.91,26.91,30.87,30.87
2021-01-22,25.2,25.2,29.74,29.74
2021-01-23,33.2,33.2,38.22,43.58
2021-01-24,47.83,47.83,47.83,47.89
2021-01-25,50.99,50.99,60.18,60.18
2021-01-26,49.46,49.46,60.06,60.06
2021-01-27,53.19,53.19,57.89,57.89
2021-01-28,55.61,55.61,58.08,58.08
2021-01-29,51.01,51.01,54.74,54.74
2021-01-30,46.84,46.84,48.87,48.89
2021-01-31,48.31,48.31,48.31,48.31
2021-02-01,83.64,83.64,86.29,86.29
2021-02-02,67.7,67.7,67.7,67.7
2021-02-03,44.37,44.37,52.44,52.44
2021-02-04,40.79,40.79,59.09,59.09
2021-02-05,45.81,45.81,78.73,78.73
2021-02-06,43.69,43.69,45.6,45.6
2021-02-07,40.61,40.61,40.66,40.66
2021-02-08,51.42,51.42,55.99,55.99
2021-02-09,62.5,62.5,69.36,69.36
2021-02-10,54.87,54.87,72.4,72.4
2021-02-11,49.36,49.36,98.53,98.53
2021-02-12,40.16,40.16,80.83,80.83
2021-02-13,37.2,37.2,53.22,53.22
2021-02-14,43.2,43.2,46.5,46.5
2021-02-15,44.63,44.63,63.65,63.65
2021-02-16,45.81,45.81,61.25,61.25
2021-02-17,40.62,40.62,50.02,50.02
2021-02-18,40.31,40.31,45.4,45.4
2021-02-19,44.77,44.77,47.66,47.74
2021-02-20,36.41,36.41,36.41,36.56
2021-02-21,35.03,35.03,35.03,37.11
2021-02-22,44.26,44.26,45.64,49.35
2021-02-23,40.73,40.73,41.34,44.62
2021-02-24,30.14,30.14,32.08,34.16
2021-02-25,28.28,28.28,31.78,32.76
2021-02-26,25.47,25.47,28.88,28.97
2021-02-27,25.53,25.53,32.55,38.3
2021-02-28,23.78,23.78,28.79,31.66
2021-03-01,24.27,24.27,34.34,41.63
2021-03-02,26.07,26.07,40.13,49.9
2021-03-03,26.17,26.17,39.63,51.57
2021-03-04,26.53,26.53,44.16,53.39
2021-03-05,27.8,27.8,47.92,53.81
2021-03-06,22.13,22.13,22.13,34.71
2021-03-07,23.17,23.17,26.98,34.17
2021-03-08,28.5,28.5,55.86,61.1
2021-03-09,28.67,28.67,54.09,61.06
2021-03-10,26.23,26.23,56.75,59.98
2021-03-11,22.31,22.31,27.85,27.85
2021-03-12,26.13,26.13,28.47,29.6
2021-03-13,27.65,27.65,28.81,28.81
2021-03-14,29.4,29.4,31.88,32.9
2021-03-15,33.21,33.21,45.91,48.44
2021-03-16,30.84,30.84,47.32,55.78
2021-03-17,32.76,32.76,49.91,57.19
2021-03-18,33.07,33.07,49.05,63.68
2021-03-19,32.11,32.11,49.98,56.54
2021-03-20,21.9,21.9,22.97,43.18
2021-03-21,18.44,18.44,20.08,28.55
2021-03-22,23.52,23.52,41.76,52.96
2021-03-23,22.31,22.31,36.48,56.26
2021-03-24,21.0,21.0,29.97,50.19
2021-03-25,22.18,22.18,33.11,54.64
2021-03-26,22.06,22.06,33.37,46.06
2021-03-27,18.5,18.5,18.5,22.88
2021-03-28,19.49,19.49,19.49,21.43
2021-03-29,20.89,20.89,23.5,28.35
2021-03-30,18.36,18.36,26.96,40.14
2021-03-31,19.87,19.87,33.35,51.31
2021-04-01,18.69,18.69,32.41,42.8
2021-04-02,16.27,16.27,18.58,31.52
2021-04-03,18.37,18.37,19.79,30.11
2021-04-04,10.46,10.46,10.46,12.38
2021-04-05,6.93,6.93,7.1,7.1
2021-04-06,18.82,18.82,29.0,29.73
2021-04-07,19.68,19.68,42.52,42.64
2021-04-08,28.98,28.98,45.92,45.92
2021-04-09,18.64,18.64,19.81,19.81
2021-04-10,19.88,19.88,19.88,42.47
2021-04-11,22.9,22.9,26.51,39.78
2021-04-12,23.11,23.11,38.27,42.06
2021-04-13,23.97,23.97,40.84,47.35
2021-04-14,23.77,23.77,56.59,61.47
2021-04-15,27.27,27.27,53.83,56.64
2021-04-16,29.89,29.89,43.49,46.96
2021-04-17,26.35,26.35,26.35,45.04
2021-04-18,25.0,25.0,25.0,47.98
2021-04-19,33.34,33.34,38.91,53.68
2021-04-20,25.79,25.79,27.37,63.2
2021-04-21,25.31,24.64,24.94,49.97
2021-04-22,19.41,17.65,21.35,29.16
2021-04-23,19.3,19.3,23.13,37.84
2021-04-24,17.91,17.91,17.91,36.46
2021-04-25,16.28,16.28,16.43,25.74
2021-04-26,49.58,49.58,50.85,54.93
2021-04-27,54.08,54.08,54.08,58.74
2021-04-28,58.01,58.01,58.01,58.95
2021-04-29,52.82,52.82,52.83,53.1
2021-04-30,42.48,42.48,51.49,60.42
2021-05-01,46.53,46.53,46.56,52.18
2021-05-02,45.65,45.65,45.65,47.05
2021-05-03,60.16,60.16,60.72,60.72
2021-05-04,40.13,40.13,40.13,40.13
2021-05-05,41.79,41.79,41.81,41.81
2021-05-06,59.55,59.55,59.6,59.6
2021-05-07,64.82,64.82,65.54,66.37
2021-05-08,47.42,47.42,47.42,47.42
2021-05-09,25.94,25.94,25.94,25.94
2021-05-10,43.13,43.13,43.13,43.13
2021-05-11,39.99,39.99,41.22,41.75
2021-05-12,39.5,39.5,41.58,48.66
2021-05-13,30.99,30.99,35.32,38.53
2021-05-14,28.56,28.56,38.41,54.01
2021-05-15,21.61,21.61,21.61,22.49
2021-05-16,25.67,25.67,29.65,30.66
2021-05-17,37.67,37.67,53.02,59.08
2021-05-18,37.47,37.47,48.37,60.01
2021-05-19,55.93,55.93,57.19,63.43
2021-05-20,42.16,42.16,42.93,44.5
2021-05-21,24.02,24.02,29.64,30.15
2021-05-22,12.89,12.89,16.26,16.26
2021-05-23,18.71,18.71,20.78,22.28
2021-05-24,38.54,38.54,43.03,43.42
2021-05-25,52.93,52.93,52.93,59.45
2021-05-26,35.17,35.17,47.42,63.6
2021-05-27,36.06,36.06,53.1,70.86
2021-05-28,32.53,32.53,58.23,71.97
2021-05-29,36.24,36.24,42.26,53.81
2021-05-30,26.88,26.88,28.94,42.32
2021-05-31,41.32,41.32,50.9,59.59
2021-06-01,44.63,44.63,46.33,68.2
2021-06-02,45.51,45.51,48.01,63.32
2021-06-03,40.43,40.43,46.82,55.5
2021-06-04,40.07,40.07,47.03,69.54
2021-06-05,41.64,41.64,42.59,62.13
2021-06-06,41.04,41.04,41.04,59.0
2021-06-07,55.76,55.76,55.76,77.44
2021-06-08,54.24,54.24,54.41,77.0
2021-06-09,54.24,54.24,54.57,76.48
2021-06-10,51.79,51.79,54.52,78.21
2021-06-11,34.33,34.33,39.21,77.35
2021-06-12,16.57,16.57,17.82,33.18
2021-06-13,12.75,12.75,14.86,21.85
2021-06-14,28.85,28.85,31.7,72.37
2021-06-15,19.56,19.56,37.22,77.92
2021-06-16,30.81,30.81,48.03,85.39
2021-06-17,28.81,28.81,39.79,73.4
2021-06-18,24.61,24.61,35.17,76.05
2021-06-19,23.93,23.93,25.65,69.61
2021-06-20,25.23,25.23,27.32,58.43
2021-06-21,21.71,21.71,32.82,77.63
2021-06-22,26.0,26.0,38.44,84.59
2021-06-23,31.44,31.44,40.63,93.4
2021-06-24,33.82,33.82,41.42,95.11
2021-06-25,32.65,32.65,32.65,89.7
2021-06-26,31.02,31.02,31.02,79.79
2021-06-27,31.41,31.41,31.41,65.16
2021-06-28,34.62,34.62,45.43,88.89
2021-06-29,37.22,37.22,47.43,92.57
2021-06-30,37.96,37.96,46.12,92.29
2021-07-01,39.28,39.28,45.13,88.76
2021-07-02,46.38,46.38,48.37,95.29
2021-07-03,43.22,43.22,47.33,82.64
2021-07-04,42.11,42.11,50.66,81.46
2021-07-05,46.19,47.59,59.96,91.29
2021-07-06,46.3,46.98,62.75,67.61
2021-07-07,46.74,47.41,75.18,81.09
2021-07-08,49.01,71.21,77.02,91.89
2021-07-09,76.04,76.04,76.04,77.04
2021-07-10,55.65,55.65,55.65,55.65
2021-07-11,56.22,56.22,56.22,56.22
2021-07-12,80.81,80.81,80.81,80.81
2021-07-13,77.48,77.48,77.48,77.48
2021-07-14,64.26,64.26,76.67,76.67
2021-07-15,57.16,57.16,75.78,80.8
2021-07-16,56.38,56.38,59.42,67.29
2021-07-17,51.07,51.07,51.99,51.99
2021-07-18,32.4,32.4,32.91,32.91
2021-07-19,47.08,47.08,59.89,72.91
2021-07-20,47.07,47.07,56.07,56.07
2021-07-21,47.14,47.14,55.72,56.02
2021-07-22,43.54,43.54,53.13,53.13
2021-07-23,48.53,48.53,56.25,56.25
2021-07-24,51.45,51.45,55.81,55.81
2021-07-25,49.0,49.0,49.0,49.0
2021-07-26,49.08,49.08,54.79,77.12
2021-07-27,48.59,48.59,56.11,78.92
2021-07-28,47.82,47.82,54.5,70.49
2021-07-29,44.7,44.7,45.18,45.18
2021-07-30,45.96,45.96,46.25,55.31
2021-07-31,42.22,42.22,42.84,46.15
2021-08-01,48.69,48.69,50.39,56.06
2021-08-02,53.63,53.63,54.11,79.12
2021-08-03,55.08,55.08,56.02,96.43
2021-08-04,59.35,59.35,59.35,97.77
2021-08-05,60.03,60.03,60.24,94.32
2021-08-06,58.13,58.13,58.13,71.03
2021-08-07,52.59,52.59,52.59,61.5
2021-08-08,26.08,26.08,26.08,26.55
2021-08-09,62.65,62.65,62.65,69.43
2021-08-10,81.56,81.56,81.56,90.79
2021-08-11,83.96,83.96,83.96,100.0
2021-08-12,89.34,89.34,89.34,106.26
2021-08-13,71.86,71.86,76.82,95.34
2021-08-14,57.83,57.83,57.83,66.84
2021-08-15,56.53,56.53,56.6,62.6
2021-08-16,75.87,75.87,79.57,80.24
2021-08-17,60.5,60.5,62.07,66.54
2021-08-18,47.59,47.59,53.32,75.56
2021-08-19,55.83,55.83,75.22,90.6
2021-08-20,55.71,55.71,69.91,100.71
2021-08-21,51.62,51.62,51.62,90.53
2021-08-22,52.82,52.82,52.82,78.05
2021-08-23,65.55,65.55,69.38,93.64
2021-08-24,62.87,62.87,92.76,102.36
2021-08-25,35.72,35.72,58.9,77.9
2021-08-26,46.02,46.02,64.2,92.15
2021-08-27,49.06,49.06,71.4,90.8
2021-08-28,52.26,52.26,57.54,84.72
2021-08-29,53.35,53.35,63.81,80.74
2021-08-30,57.47,57.47,95.73,106.58
2021-08-31,44.41,44.41,91.84,108.89
2021-09-01,39.72,39.72,83.07,110.47
2021-09-02,46.17,46.17,83.41,116.48
2021-09-03,43.77,43.77,72.34,108.2
2021-09-04,49.29,49.29,75.18,106.11
2021-09-05,50.8,50.8,70.86,96.14
2021-09-06,50.13,50.13,98.37,126.45
2021-09-07,46.3,46.3,77.86,124.25
2021-09-08,44.38,44.38,67.71,119.5
2021-09-09,53.73,53.73,88.74,126.45
2021-09-10,56.37,56.37,100.07,132.28
2021-09-11,56.08,56.08,92.9,129.02
2021-09-12,56.01,56.01,94.56,104.06
2021-09-13,49.81,49.81,84.94,138.27
2021-09-14,56.76,56.76,120.16,142.55
2021-09-15,63.68,63.68,137.6,160.36
2021-09-16,62.96,62.96,116.88,146.29
2021-09-17,62.21,62.21,98.84,141.09
2021-09-18,64.31,64.31,83.0,121.19
2021-09-19,65.5,65.5,78.95,93.47
2021-09-20,67.48,67.48,122.11,144.8
2021-09-21,64.21,64.21,114.02,138.26
2021-09-22,58.81,58.81,94.84,142.04
2021-09-23,56.15,56.15,61.35,65.66
2021-09-24,56.94,56.94,77.03,78.36
2021-09-25,56.73,56.73,76.14,104.24
2021-09-26,59.5,59.5,80.01,110.67
2021-09-27,56.2,56.2,88.05,131.69
2021-09-28,56.26,56.26,97.13,150.28
2021-09-29,58.43,58.43,91.53,119.28
2021-09-30,56.45,56.45,80.22,89.71
2021-10-01,44.2,44.2,56.22,56.22
2021-10-02,40.26,40.26,61.29,63.44
2021-10-03,9.16,9.16,9.16,9.16
2021-10-04,26.59,26.59,56.84,139.06
2021-10-05,43.79,43.79,68.05,124.42
2021-10-06,51.34,51.34,83.22,106.1
2021-10-07,50.51,50.51,96.4,220.45
2021-10-08,51.85,51.85,100.08,177.19
2021-10-09,49.71,49.71,79.14,102.15
2021-10-10,34.47,34.47,34.47,40.41
2021-10-11,39.35,39.35,83.49,92.1
2021-10-12,39.16,39.16,117.84,126.23
2021-10-13,41.84,41.84,157.57,161.0
2021-10-14,17.42,17.42,78.36,104.36
2021-10-15,9.29,9.29,40.74,40.74
2021-10-16,7.53,7.53,9.1,9.1
2021-10-17,10.7,10.7,66.59,69.32
2021-10-18,19.94,19.94,123.92,151.3
2021-10-19,21.55,21.55,143.75,143.94
2021-10-20,13.9,13.9,39.02,39.02
2021-10-21,16.54,16.54,46.09,46.09
2021-10-22,11.94,11.94,39.36,39.36
2021-10-23,17.59,17.59,75.99,76.88
2021-10-24,17.14,17.14,27.26,63.15
2021-10-25,16.16,16.16,75.77,95.79
2021-10-26,17.3,17.3,70.23,137.21
2021-10-27,14.69,14.69,28.66,28.66
2021-10-28,14.44,14.44,26.04,53.79
2021-10-29,15.29,15.29,40.62,61.72
2021-10-30,13.84,13.84,20.42,57.91
2021-10-31,16.16,16.16,38.01,38.01
2021-11-01,14.66,14.66,51.12,60.64
2021-11-02,14.66,14.66,65.29,86.84
2021-11-03,20.06,20.06,72.24,103.13
2021-11-04,24.98,24.98,81.45,96.84
2021-11-05,16.64,16.64,56.8,58.51
2021-11-06,8.79,8.79,14.32,14.32
2021-11-07,11.81,11.81,21.3,26.81
2021-11-08,21.3,21.3,107.68,142.35
2021-11-09,13.14,13.14,51.83,80.9
2021-11-10,9.45,9.45,29.9,106.41
2021-11-11,10.39,10.39,24.34,121.67
2021-11-12,14.28,14.28,69.17,138.35
2021-11-13,16.31,16.31,47.94,134.32
2021-11-14,17.12,17.12,54.84,115.11
2021-11-15,14.0,14.0,70.5,166.74
2021-11-16,14.4,14.4,63.96,218.96
2021-11-17,14.37,14.37,47.75,106.88
2021-11-18,13.49,13.49,56.2,57.06
2021-11-19,12.33,12.33,14.96,14.96
2021-11-20,11.84,11.84,14.93,34.98
2021-11-21,15.31,15.31,61.56,64.43
2021-11-22,19.39,19.39,131.83,131.83
2021-11-23,15.34,15.34,122.1,122.1
2021-11-24,29.0,29.0,84.69,84.69
2021-11-25,42.68,42.68,103.72,103.72
2021-11-26,117.95,117.95,162.28,162.28
2021-11-27,175.08,175.08,175.08,175.08
2021-11-28,188.09,188.09,188.09,188.09
2021-11-29,233.69,233.69,263.96,263.96
2021-11-30,160.65,160.65,166.14,166.14
2021-12-01,112.63,112.63,124.15,124.15
2021-12-02,147.44,147.44,175.83,175.83
2021-12-03,127.44,127.44,169.39,169.39
2021-12-04,103.51,103.51,161.61,161.93
2021-12-05,115.72,115.72,133.3,133.3
2021-12-06,132.11,132.11,290.06,290.06
2021-12-07,147.4,147.4,241.29,241.29
2021-12-08,77.26,77.26,171.96,171.96
2021-12-09,41.42,41.42,253.31,255.35
2021-12-10,44.98,44.98,212.45,232.14
2021-12-11,49.51,49.51,178.24,222.38
2021-12-12,43.67,43.67,167.9,180.58
2021-12-13,44.55,44.55,205.26,226.43
2021-12-14,37.34,37.34,194.67,212.99
2021-12-15,22.56,22.56,79.08,79.08
2021-12-16,20.48,20.48,91.48,113.96
2021-12-17,23.66,23.66,152.56,185.63
2021-12-18,21.26,21.26,99.21,100.52
2021-12-19,21.43,21.43,67.29,67.29
2021-12-20,57.37,57.37,299.68,299.68
2021-12-21,62.58,62.58,413.48,413.48
2021-12-22,70.3,70.3,374.9,380.59
2021-12-23,39.08,39.08,237.13,256.55
2021-12-24,31.1,31.1,139.43,139.43
2021-12-25,31.74,31.74,128.97,128.97
2021-12-26,49.89,49.89,157.04,157.04
2021-12-27,63.33,63.33,149.36,149.36
2021-12-28,60.3,60.3,109.8,109.8
2021-12-29,117.88,117.88,154.86,155.3
2021-12-30,54.54,54.54,70.52,70.52
2021-12-31,37.9,37.9,43.62,43.62
2022-01-01,46.57,46.57,82.17,82.17
2022-01-02,43.85,43.85,53.31,53.31
2022-01-03,39.43,39.43,73.53,73.53
2022-01-04,44.98,44.98,124.19,132.98
2022-01-05,51.54,51.54,108.59,108.59
2022-01-06,52.76,52.76,170.19,170.99
2022-01-07,52.55,52.55,157.73,157.73
2022-01-08,49.85,49.85,145.87,145.87
2022-01-09,54.04,54.04,131.53,131.53
2022-01-10,50.65,50.65,246.73,246.73
2022-01-11,35.41,35.41,162.86,224.34
2022-01-12,21.46,21.46,86.38,151.2
2022-01-13,17.72,17.72,18.54,18.54
2022-01-14,18.23,18.23,55.21,55.21
2022-01-15,19.39,19.39,125.24,126.74
2022-01-16,17.44,17.44,18.36,18.36
2022-01-17,17.2,17.2,80.97,80.97
2022-01-18,17.88,17.88,145.16,148.67
2022-01-19,15.23,15.23,33.89,33.89
2022-01-20,13.61,13.61,66.19,66.19
2022-01-21,18.83,18.83,110.69,110.69
2022-01-22,15.38,15.38,158.39,164.29
2022-01-23,12.39,12.39,114.69,115.05
2022-01-24,12.47,12.47,61.88,61.88
2022-01-25,15.23,15.23,147.49,149.53
2022-01-26,17.01,17.01,92.1,92.1
2022-01-27,28.6,28.6,33.39,33.39
2022-01-28,15.51,15.51,101.0,101.0
2022-01-29,15.63,15.63,17.2,17.2
2022-01-30,12.06,12.06,31.14,31.14
2022-01-31,27.65,27.65,172.85,175.03
2022-02-01,80.15,80.15,142.86,142.86
2022-02-02,76.12,76.12,139.7,139.7
2022-02-03,101.22,101.22,176.43,176.43
2022-02-04,14.76,14.76,57.61,57.61
2022-02-05,14.68,14.68,23.63,23.63
2022-02-06,13.5,13.5,40.32,40.32
2022-02-07,16.29,16.29,80.37,80.37
2022-02-08,15.12,15.12,37.32,37.32
2022-02-09,13.1,13.1,57.14,57.14
2022-02-10,12.38,12.38,55.06,55.06
2022-02-11,12.2,12.2,102.12,105.51
2022-02-12,13.0,13.0,34.02,34.02
2022-02-13,12.2,12.2,17.28,17.28
2022-02-14,16.74,16.74,67.39,67.39
2022-02-15,15.05,15.05,60.83,60.83
2022-02-16,15.5,15.5,74.37,74.37
2022-02-17,15.65,15.65,60.48,60.48
2022-02-18,14.27,14.27,73.02,73.02
2022-02-19,14.74,14.74,39.25,39.25
2022-02-20,17.87,17.87,54.43,54.43
2022-02-21,15.77,15.77,62.72,62.72
2022-02-22,76.66,76.66,113.01,113.01
2022-02-23,16.86,16.86,93.84,93.84
2022-02-24,13.29,13.29,63.46,63.69
2022-02-25,14.44,14.44,82.57,86.01
2022-02-26,15.32,15.32,107.79,128.92
2022-02-27,14.1,14.1,44.94,118.84
2022-02-28,15.13,15.13,95.79,161.41
2022-03-01,13.68,13.68,102.03,126.54
2022-03-02,13.28,13.28,148.64,212.12
2022-03-03,20.63,20.63,162.39,186.71
2022-03-04,23.72,23.72,198.57,223.68
2022-03-05,14.89,14.89,144.13,191.17
2022-03-06,14.06,14.06,68.7,103.74
2022-03-07,15.9,15.9,206.67,207.7
2022-03-08,18.27,18.27,246.41,268.83
2022-03-09,17.22,17.22,224.02,246.42
2022-03-10,14.21,14.21,120.86,158.44
2022-03-11,15.72,15.72,64.63,64.63
2022-03-12,19.28,19.28,96.07,96.07
2022-03-13,17.69,17.69,59.23,59.23
2022-03-14,22.16,22.16,157.87,164.94
2022-03-15,24.94,24.94,207.01,259.94
2022-03-16,17.13,17.13,179.02,204.28
2022-03-17,15.23,15.23,52.59,83.32
2022-03-18,14.26,14.26,36.81,85.59
2022-03-19,12.31,12.31,83.3,101.39
2022-03-20,14.41,14.41,42.06,42.06
2022-03-21,19.85,19.85,105.99,115.44
2022-03-22,32.55,32.55,136.86,192.0
2022-03-23,15.16,15.16,145.98,199.64
2022-03-24,33.52,33.52,103.03,167.83
2022-03-25,15.03,15.03,35.33,59.67
2022-03-26,19.0,19.0,34.49,34.49
2022-03-27,31.05,31.05,44.14,49.98
2022-03-28,14.81,14.81,16.84,16.84
2022-03-29,37.41,37.41,172.33,179.96
2022-03-30,35.92,35.92,217.02,217.02
2022-03-31,82.38,82.38,193.68,195.47
2022-04-01,118.67,118.67,155.39,155.45
2022-04-02,35.85,35.85,79.52,112.47
2022-04-03,51.48,51.48,55.49,76.82
2022-04-04,61.55,61.55,66.15,66.15
2022-04-05,28.18,28.18,74.72,74.72
2022-04-06,34.5,34.5,99.21,113.41
2022-04-07,64.84,64.84,78.0,78.63
2022-04-08,19.24,19.24,40.04,41.58
2022-04-09,28.15,28.15,28.15,28.15
2022-04-10,18.91,18.91,18.91,18.91
2022-04-11,37.23,37.23,137.29,143.51
2022-04-12,95.3,95.3,150.33,160.35
2022-04-13,100.36,100.36,102.29,102.29
2022-04-14,85.65,85.65,105.71,117.45
2022-04-15,61.36,61.36,61.36,61.36
2022-04-16,58.46,58.46,58.46,58.46
2022-04-17,47.13,47.13,47.13,47.13
2022-04-18,71.66,71.66,71.66,87.06
2022-04-19,90.26,110.84,110.84,159.61
2022-04-20,73.87,74.76,74.76,85.61
2022-04-21,46.1,46.1,46.1,46.1
2022-04-22,36.64,36.64,38.0,52.63
2022-04-23,26.81,26.81,26.81,61.0
2022-04-24,55.01,55.01,73.3,77.45
2022-04-25,40.27,40.27,162.99,199.36
2022-04-26,23.94,23.94,134.04,227.54
2022-04-27,43.43,43.43,164.87,212.65
2022-04-28,19.3,19.3,126.97,220.4
2022-04-29,31.43,31.43,131.4,224.58
2022-04-30,31.11,31.11,69.22,192.61
2022-05-01,35.29,35.29,132.26,139.32
2022-05-02,13.16,13.16,51.63,157.16
2022-05-03,16.9,16.9,123.17,145.28
2022-05-04,56.03,56.03,203.35,206.76
2022-05-05,63.94,63.94,132.82,217.39
2022-05-06,25.67,25.67,88.33,211.68
2022-05-07,5.09,5.09,36.07,160.92
2022-05-08,23.12,23.12,63.8,125.16
2022-05-09,57.12,57.12,167.21,176.32
2022-05-10,23.48,23.48,69.03,86.26
2022-05-11,32.81,32.81,86.66,86.84
2022-05-12,46.92,46.92,64.75,64.75
2022-05-13,65.26,65.26,81.05,85.09
2022-05-14,9.56,9.56,12.68,12.68
2022-05-15,7.29,7.29,61.86,61.86
2022-05-16,9.21,9.21,123.78,143.53
2022-05-17,113.76,113.76,124.69,182.62
2022-05-18,88.43,88.43,89.65,192.38
2022-05-19,143.19,143.19,165.17,184.6
2022-05-20,115.91,115.91,145.29,174.68
2022-05-21,50.44,50.44,82.21,107.09
2022-05-22,73.23,73.23,121.38,149.74
2022-05-23,127.06,127.06,164.05,172.08
2022-05-24,46.76,46.76,61.97,128.72
2022-05-25,31.36,31.36,130.45,162.81
2022-05-26,22.89,22.89,22.89,22.89
